{
    "appKeys": {},
    "capabilities": [
        ""
    ],
    "companyName": "connor_d_1@yahoo.com",
    "longName": "Hackathon",
    "projectType": "pebblejs",
    "resources": {
        "media": [
            {
                "file": "images/menu_icon.png",
                "name": "IMAGE_MENU_ICON",
                "type": "bitmap"
            },
            {
                "file": "images/logo_splash.png",
                "name": "IMAGE_LOGO_SPLASH",
                "type": "bitmap"
            },
            {
                "file": "images/tile_splash.png",
                "name": "IMAGE_TILE_SPLASH",
                "type": "bitmap"
            },
            {
                "file": "fonts/UbuntuMono-Regular.ttf",
                "name": "MONO_FONT_14",
                "type": "font"
            },
            {
                "file": "images/-text.png",
                "menuIcon": true,
                "name": "IMAGES__TEXT_PNG",
                "type": "bitmap"
            }
        ]
    },
    "sdkVersion": "3",
    "shortName": "Hackathon",
    "targetPlatforms": [
        "aplite",
        "basalt",
        "chalk"
    ],
    "uuid": "1a632226-26c6-459e-982e-7f8959d998ef",
    "versionCode": 1,
    "versionLabel": "1.0",
    "watchapp": {
        "hiddenApp": false,
        "watchface": false
    }
}
