{
    "appKeys": {},
    "capabilities": [
        "location",
        "configurable"
    ],
    "companyName": "tbrown25@wisc.edu",
    "longName": "watch over me",
    "projectType": "pebblejs",
    "resources": {
        "media": [
            {
                "file": "images/menu_icon.png",
                "name": "IMAGE_MENU_ICON",
                "type": "bitmap"
            },
            {
                "file": "images/logo_splash.png",
                "name": "IMAGE_LOGO_SPLASH",
                "type": "bitmap"
            },
            {
                "file": "images/tile_splash.png",
                "name": "IMAGE_TILE_SPLASH",
                "type": "bitmap"
            },
            {
                "file": "fonts/UbuntuMono-Regular.ttf",
                "name": "MONO_FONT_14",
                "type": "font"
            },
            {
                "file": "images/menu_icon",
                "menuIcon": true,
                "name": "IMAGES_MENU_ICON",
                "type": "png"
            }
        ]
    },
    "sdkVersion": "3",
    "shortName": "watch over me",
    "targetPlatforms": [
        "aplite",
        "basalt",
        "chalk"
    ],
    "uuid": "400a798e-ecf5-4f8d-8df9-6a6e20eb5ab1",
    "versionCode": 1,
    "versionLabel": "1.0",
    "watchapp": {
        "hiddenApp": false,
        "watchface": false
    }
}
